transaction_id,transaction_timestamp,item_id,user_email,user_id,quantity,price,referrer_url,landing_page_url,utm_source,utm_medium,utm_campaign,device_type,session_id,conversion_time_minutes
TXN00010404,2025-10-30 17:47:04,P10384,user015476@example.com,U015476,3,15226,https://ec.example.com/products?campaign=C001,https://ec.example.com/products/P10384?utm_campaign=春夏新作-ドレス,twitter,cpc,春夏新作-ドレス,mobile,1e6bf646-be53-47fd-8aad-82cb11856658,1397
TXN00010405,2025-10-30 21:04:41,P10399,user001136@example.com,U001136,1,23059,https://ec.example.com/products?campaign=C001,https://ec.example.com/products/P10399?utm_campaign=春夏新作-ドレス,twitter,cpc,春夏新作-ドレス,mobile,9aaa3047-828a-4401-aed4-96e4ae296921,1295
TXN00010406,2025-10-30 22:13:54,P10224,user018909@example.com,U018909,1,20677,https://ec.example.com/products?campaign=C001,https://ec.example.com/products/P10224?utm_campaign=春夏新作-ドレス,twitter,cpc,春夏新作-ドレス,mobile,6d61532c-80da-494d-9fec-8e2b458cb7c9,888
TXN00010407,2025-10-31 13:35:10,P10168,user004321@example.com,U004321,1,13282,https://ec.example.com/products?campaign=C001,https://ec.example.com/products/P10168?utm_campaign=春夏新作-ドレス,twitter,cpc,春夏新作-ドレス,desktop,4e81193d-dc48-4e6b-924a-b5ca413dba69,1831
TXN00010408,2025-10-31 00:05:54,P10487,user006854@example.com,U006854,1,12506,https://ec.example.com/products?campaign=C001,https://ec.example.com/products/P10487?utm_campaign=春夏新作-ドレス,twitter,cpc,春夏新作-ドレス,desktop,19797a61-e750-461b-989f-8c40650575a9,1067
TXN00010409,2025-10-30 21:47:45,P10399,user000552@example.com,U000552,2,23059,https://ec.example.com/products?campaign=C001,https://ec.example.com/products/P10399?utm_campaign=春夏新作-ドレス,twitter,cpc,春夏新作-ドレス,mobile,966649be-eb9c-43a3-a6e5-693f2dab5087,1083
TXN00010410,2025-10-30 23:09:42,P10011,user009209@example.com,U009209,1,18336,https://ec.example.com/products?campaign=C001,https://ec.example.com/products/P10011?utm_campaign=春夏新作-ドレス,twitter,cpc,春夏新作-ドレス,mobile,84961ee4-1892-4637-aafa-aedb05c0a25a,1040
TXN00010411,2025-10-31 05:31:03,P10264,user000063@example.com,U000063,1,9676,https://ec.example.com/products?campaign=C001,https://ec.example.com/products/P10264?utm_campaign=春夏新作-ドレス,twitter,cpc,春夏新作-ドレス,desktop,d0f99d84-d5d5-4461-ae3f-048a425ff3b7,1336
TXN00010412,2025-10-31 01:48:07,P10278,user003458@example.com,U003458,1,21142,https://ec.example.com/products?campaign=C001,https://ec.example.com/products/P10278?utm_campaign=春夏新作-ドレス,twitter,cpc,春夏新作-ドレス,desktop,a8ad2555-f0da-4cc0-bc45-31d03f3a6e11,844
TXN00010413,2025-10-30 20:41:56,P10341,user015494@example.com,U015494,1,18305,https://ec.example.com/products?campaign=C001,https://ec.example.com/products/P10341?utm_campaign=春夏新作-ドレス,twitter,cpc,春夏新作-ドレス,desktop,3d4e2790-b15a-49e3-894c-5d5e6aca1753,2242
TXN00010414,2025-10-31 05:25:22,P10371,user012925@example.com,U012925,2,19241,https://ec.example.com/products?campaign=C001,https://ec.example.com/products/P10371?utm_campaign=春夏新作-ドレス,twitter,cpc,春夏新作-ドレス,mobile,559b6bb2-f838-4b73-82f8-319c097094bf,1558
TXN00010415,2025-10-31 14:58:01,P10384,user004642@example.com,U004642,2,15226,https://ec.example.com/products?campaign=C001,https://ec.example.com/products/P10384?utm_campaign=春夏新作-ドレス,twitter,cpc,春夏新作-ドレス,mobile,a01c2f34-5c35-4f1d-af2c-e4270b69b881,1282
TXN00010416,2025-10-31 07:01:02,P10032,user008240@example.com,U008240,3,8483,https://ec.example.com/products?campaign=C001,https://ec.example.com/products/P10032?utm_campaign=春夏新作-ドレス,twitter,cpc,春夏新作-ドレス,mobile,50754f16-5d3a-4491-a527-74a217f7f7de,2441
TXN00010417,2025-10-31 13:25:24,P10249,user003264@example.com,U003264,1,12068,https://ec.example.com/products?campaign=C001,https://ec.example.com/products/P10249?utm_campaign=春夏新作-ドレス,twitter,cpc,春夏新作-ドレス,desktop,0a34ae5e-fcda-4220-ad5c-fbf33cef3e2a,154
TXN00010418,2025-10-30 20:22:51,P10302,user005921@example.com,U005921,1,23151,https://ec.example.com/products?campaign=C001,https://ec.example.com/products/P10302?utm_campaign=春夏新作-ドレス,twitter,cpc,春夏新作-ドレス,mobile,0acab819-d4b7-48f5-abb6-d44099bc1909,1692
TXN00010419,2025-10-30 18:47:20,P10219,user003699@example.com,U003699,2,8622,https://ec.example.com/products?campaign=C001,https://ec.example.com/products/P10219?utm_campaign=春夏新作-ドレス,twitter,cpc,春夏新作-ドレス,desktop,7a8a07e8-fd81-41d8-b334-35eaeefc3d10,1518
TXN00010420,2025-10-31 10:11:20,P10371,user001582@example.com,U001582,1,19241,https://ec.example.com/products?campaign=C001,https://ec.example.com/products/P10371?utm_campaign=春夏新作-ドレス,facebook,cpc,春夏新作-ドレス,mobile,b76e2149-6a15-4207-bc7c-2fe7720373e7,704
TXN00010421,2025-10-31 01:32:32,P10102,user003389@example.com,U003389,1,17572,https://ec.example.com/products?campaign=C001,https://ec.example.com/products/P10102?utm_campaign=春夏新作-ドレス,facebook,cpc,春夏新作-ドレス,desktop,eb6b4149-ef8e-4ea6-87af-f88c18f3a533,833
TXN00010422,2025-10-30 16:41:26,P10495,user004088@example.com,U004088,1,13209,https://ec.example.com/products?campaign=C001,https://ec.example.com/products/P10495?utm_campaign=春夏新作-ドレス,facebook,cpc,春夏新作-ドレス,mobile,7d1a9c63-93f3-4ed3-808e-0efa01dd68d0,1966
TXN00010423,2025-10-30 17:54:22,P10264,user000399@example.com,U000399,1,9676,https://ec.example.com/products?campaign=C001,https://ec.example.com/products/P10264?utm_campaign=春夏新作-ドレス,facebook,cpc,春夏新作-ドレス,mobile,78fc2688-d8e9-402b-b1b6-f9f98ab0d67c,207
TXN00010424,2025-10-30 18:00:03,P10107,user001710@example.com,U001710,1,11251,https://ec.example.com/products?campaign=C001,https://ec.example.com/products/P10107?utm_campaign=春夏新作-ドレス,facebook,cpc,春夏新作-ドレス,mobile,7191fac4-ee06-4689-9114-be1a13505ee9,2370
TXN00010425,2025-10-31 14:20:40,P10425,user002301@example.com,U002301,1,8402,https://ec.example.com/products?campaign=C001,https://ec.example.com/products/P10425?utm_campaign=春夏新作-ドレス,facebook,cpc,春夏新作-ドレス,mobile,ecab26ca-ad4f-4b28-bac3-fe788ed7a435,2607
TXN00010426,2025-10-31 13:51:26,P10107,user016906@example.com,U016906,1,11251,https://ec.example.com/products?campaign=C001,https://ec.example.com/products/P10107?utm_campaign=春夏新作-ドレス,facebook,cpc,春夏新作-ドレス,mobile,d7c4e9b2-330b-457f-940b-a361fa9faf01,1792
TXN00010427,2025-10-31 15:27:28,P10453,user005538@example.com,U005538,1,15176,https://ec.example.com/products?campaign=C001,https://ec.example.com/products/P10453?utm_campaign=春夏新作-ドレス,facebook,cpc,春夏新作-ドレス,mobile,2b87147a-d08f-467a-94b6-e7773f46472b,908
TXN00010428,2025-10-31 02:28:14,P10115,user003601@example.com,U003601,1,16831,https://ec.example.com/products?campaign=C001,https://ec.example.com/products/P10115?utm_campaign=春夏新作-ドレス,facebook,cpc,春夏新作-ドレス,mobile,31a6c024-3452-410c-a90b-07dafa67d815,113
TXN00010429,2025-10-31 05:24:40,P10049,user000057@example.com,U000057,2,19948,https://ec.example.com/products?campaign=C001,https://ec.example.com/products/P10049?utm_campaign=春夏新作-ドレス,facebook,cpc,春夏新作-ドレス,desktop,77b2364a-b248-4229-92d4-d4fafc72c5df,1143
TXN00010430,2025-10-31 10:36:24,P10254,user005517@example.com,U005517,1,17491,https://ec.example.com/products?campaign=C001,https://ec.example.com/products/P10254?utm_campaign=春夏新作-ドレス,facebook,cpc,春夏新作-ドレス,mobile,124acab1-a563-438d-a9cf-3bd59d0257e2,198
TXN00010431,2025-10-30 20:45:17,P10014,user017990@example.com,U017990,1,12532,https://ec.example.com/products?campaign=C002,https://ec.example.com/products/P10014?utm_campaign=セール-アウター,google,cpc,セール-アウター,mobile,d8b9e6c6-9fca-4efa-932a-2188e069abbd,2493
TXN00010432,2025-10-31 08:23:38,P10380,user010268@example.com,U010268,1,9286,https://ec.example.com/products?campaign=C002,https://ec.example.com/products/P10380?utm_campaign=セール-アウター,google,cpc,セール-アウター,mobile,2034fc56-ce61-4f7a-902d-6f543a2cec7a,2279
TXN00010433,2025-10-30 17:32:46,P10278,user004443@example.com,U004443,1,21142,https://ec.example.com/products?campaign=C002,https://ec.example.com/products/P10278?utm_campaign=セール-アウター,google,cpc,セール-アウター,desktop,df9148c1-21fb-4987-a5ea-40bd5fea727f,925
TXN00010434,2025-10-30 18:06:52,P10424,user001994@example.com,U001994,1,17154,https://ec.example.com/products?campaign=C002,https://ec.example.com/products/P10424?utm_campaign=セール-アウター,twitter,cpc,セール-アウター,mobile,b7a70c65-f4af-4170-9411-0e432286fe1a,2689
TXN00010435,2025-10-30 19:26:22,P10031,user001026@example.com,U001026,2,27159,https://ec.example.com/products?campaign=C002,https://ec.example.com/products/P10031?utm_campaign=セール-アウター,twitter,cpc,セール-アウター,desktop,09414d94-0e3f-465c-911c-6171a574f3c9,1065
TXN00010436,2025-10-31 14:27:57,P10320,user007625@example.com,U007625,1,20796,https://ec.example.com/products?campaign=C002,https://ec.example.com/products/P10320?utm_campaign=セール-アウター,twitter,cpc,セール-アウター,desktop,9293464e-3f61-42b4-bcb1-7fbd9d230a03,428
TXN00010437,2025-10-30 16:43:33,P10426,user000285@example.com,U000285,1,13158,https://ec.example.com/products?campaign=C002,https://ec.example.com/products/P10426?utm_campaign=セール-アウター,twitter,cpc,セール-アウター,desktop,05febd7a-1b72-4d6c-8a94-74fb51659178,1191
TXN00010438,2025-10-30 17:20:06,P10167,user001289@example.com,U001289,1,7505,https://ec.example.com/products?campaign=C002,https://ec.example.com/products/P10167?utm_campaign=セール-アウター,twitter,cpc,セール-アウター,mobile,04a7ea81-ada2-47c4-93e6-091ce14ad42e,765
TXN00010439,2025-10-30 18:00:44,P10426,user003912@example.com,U003912,2,13158,https://ec.example.com/products?campaign=C002,https://ec.example.com/products/P10426?utm_campaign=セール-アウター,twitter,cpc,セール-アウター,desktop,55f5e631-a42f-43f2-9281-a443f7b8f7a2,1915
TXN00010440,2025-10-31 03:44:02,P10361,user014282@example.com,U014282,1,21546,https://ec.example.com/products?campaign=C002,https://ec.example.com/products/P10361?utm_campaign=セール-アウター,twitter,cpc,セール-アウター,mobile,513bb75c-aac7-4975-963a-34eae1b47fb7,529
TXN00010441,2025-10-31 02:40:38,P10295,user017892@example.com,U017892,1,34481,https://ec.example.com/products?campaign=C002,https://ec.example.com/products/P10295?utm_campaign=セール-アウター,twitter,cpc,セール-アウター,desktop,e71ce1b1-fad2-4cb0-b8cd-c5df341d5103,343
TXN00010442,2025-10-31 07:59:20,P10031,user004600@example.com,U004600,1,27159,https://ec.example.com/products?campaign=C002,https://ec.example.com/products/P10031?utm_campaign=セール-アウター,twitter,cpc,セール-アウター,desktop,d4128735-c9fb-421f-acd1-345013bceff6,827
TXN00010443,2025-10-30 18:29:34,P10015,user015257@example.com,U015257,1,34298,https://ec.example.com/products?campaign=C002,https://ec.example.com/products/P10015?utm_campaign=セール-アウター,twitter,cpc,セール-アウター,mobile,a0be3744-ceb8-4509-9564-b993616bd0ce,2382
TXN00010444,2025-10-31 00:25:11,P10464,user019800@example.com,U019800,2,22053,https://ec.example.com/products?campaign=C002,https://ec.example.com/products/P10464?utm_campaign=セール-アウター,twitter,cpc,セール-アウター,mobile,46b9e45a-9b12-46cb-8935-65b39b8ac2d2,1308
TXN00010445,2025-10-30 17:19:44,P10067,user002759@example.com,U002759,1,34818,https://ec.example.com/products?campaign=C002,https://ec.example.com/products/P10067?utm_campaign=セール-アウター,facebook,cpc,セール-アウター,mobile,e8045cbb-6c0d-43f5-a24a-3719a5788f78,782
TXN00010446,2025-10-31 10:17:55,P10385,user004552@example.com,U004552,1,26985,https://ec.example.com/products?campaign=C002,https://ec.example.com/products/P10385?utm_campaign=セール-アウター,facebook,cpc,セール-アウター,mobile,fa3ce59b-ca49-4149-8e92-2d305688a172,2218
TXN00010447,2025-10-31 05:53:30,P10377,user005532@example.com,U005532,2,7871,https://ec.example.com/products?campaign=C002,https://ec.example.com/products/P10377?utm_campaign=セール-アウター,facebook,cpc,セール-アウター,mobile,dec0ca5c-9f4e-497e-a526-71634ddfb7e9,1021
TXN00010448,2025-10-31 03:20:08,P10063,user004154@example.com,U004154,1,31004,https://ec.example.com/products?campaign=C002,https://ec.example.com/products/P10063?utm_campaign=セール-アウター,facebook,cpc,セール-アウター,mobile,909a28a9-4965-4dc9-ae58-c81e0384bf9a,2365
TXN00010449,2025-10-31 01:30:51,P10099,user017776@example.com,U017776,1,15917,https://ec.example.com/products?campaign=C002,https://ec.example.com/products/P10099?utm_campaign=セール-アウター,facebook,cpc,セール-アウター,desktop,6c527592-f5ce-408e-bfee-78ac110816eb,1129
TXN00010450,2025-10-31 13:18:10,P10144,user001378@example.com,U001378,2,20212,https://ec.example.com/products?campaign=C002,https://ec.example.com/products/P10144?utm_campaign=セール-アウター,facebook,cpc,セール-アウター,desktop,bf94a78d-35c8-453b-9652-73d5a38f923e,273
TXN00010451,2025-10-31 14:08:43,P10373,user000983@example.com,U000983,1,32987,https://ec.example.com/products?campaign=C002,https://ec.example.com/products/P10373?utm_campaign=セール-アウター,facebook,cpc,セール-アウター,tablet,931979ad-e96e-4049-a828-736be0386402,844
TXN00010452,2025-10-31 15:15:05,P10424,user019976@example.com,U019976,2,17154,https://ec.example.com/products?campaign=C002,https://ec.example.com/products/P10424?utm_campaign=セール-アウター,facebook,cpc,セール-アウター,mobile,54657fa6-e5e4-4f91-8028-ef5ea148f11c,1439
TXN00010453,2025-10-31 06:02:38,P10361,user001007@example.com,U001007,1,21546,https://ec.example.com/products?campaign=C002,https://ec.example.com/products/P10361?utm_campaign=セール-アウター,facebook,cpc,セール-アウター,mobile,bbae726a-b814-402b-9371-261fba84d46c,497
TXN00010454,2025-10-30 16:37:18,P10323,user004507@example.com,U004507,2,19842,https://ec.example.com/products?campaign=C002,https://ec.example.com/products/P10323?utm_campaign=セール-アウター,facebook,cpc,セール-アウター,desktop,b4a674f2-9a59-4328-9895-5716cbb33aa6,1004
TXN00010455,2025-10-31 13:35:14,P10086,user002541@example.com,U002541,1,31401,https://ec.example.com/products?campaign=C002,https://ec.example.com/products/P10086?utm_campaign=セール-アウター,facebook,cpc,セール-アウター,desktop,39eee115-d6b5-4745-9477-ea0b859199a2,89
TXN00010456,2025-10-31 13:46:15,P10159,user009194@example.com,U009194,1,14250,https://ec.example.com/products?campaign=C002,https://ec.example.com/products/P10159?utm_campaign=セール-アウター,facebook,cpc,セール-アウター,mobile,3d553c92-3a1f-4e08-9b69-b62e0cc47c32,560
TXN00010457,2025-10-30 17:28:38,P10304,user003170@example.com,U003170,3,3987,https://ec.example.com/products?campaign=C003,https://ec.example.com/products/P10304?utm_campaign=トレンド-トップス,instagram,cpc,トレンド-トップス,desktop,8aa8c3a4-eeb4-4d6d-9b74-ceeb12dff3c1,2325
TXN00010458,2025-10-31 13:50:56,P10352,user012887@example.com,U012887,1,6977,https://ec.example.com/products?campaign=C003,https://ec.example.com/products/P10352?utm_campaign=トレンド-トップス,instagram,cpc,トレンド-トップス,mobile,07663679-3cb6-4f3d-9f22-9693ca940538,615
TXN00010459,2025-10-31 11:44:22,P10484,user009132@example.com,U009132,1,10357,https://ec.example.com/products?campaign=C003,https://ec.example.com/products/P10484?utm_campaign=トレンド-トップス,instagram,cpc,トレンド-トップス,tablet,6bed5741-fa67-47b1-a0c3-44e133bfb43f,188
TXN00010460,2025-10-31 11:29:41,P10211,user008914@example.com,U008914,2,6374,https://ec.example.com/products?campaign=C003,https://ec.example.com/products/P10211?utm_campaign=トレンド-トップス,instagram,cpc,トレンド-トップス,mobile,d761b1ec-3ba6-4e2d-95e5-21a62e9252d7,1981
TXN00010461,2025-10-30 20:19:33,P10284,user003259@example.com,U003259,1,5252,https://ec.example.com/products?campaign=C003,https://ec.example.com/products/P10284?utm_campaign=トレンド-トップス,instagram,cpc,トレンド-トップス,mobile,6f7de33f-63d8-4f2a-9575-466d28273892,1952
TXN00010462,2025-10-30 20:59:47,P10395,user007980@example.com,U007980,1,11046,https://ec.example.com/products?campaign=C003,https://ec.example.com/products/P10395?utm_campaign=トレンド-トップス,twitter,cpc,トレンド-トップス,mobile,acd6fc58-b3de-4962-a38c-5b9ba30c28ac,2030
TXN00010463,2025-10-30 20:08:09,P10044,user014204@example.com,U014204,1,5546,https://ec.example.com/products?campaign=C003,https://ec.example.com/products/P10044?utm_campaign=トレンド-トップス,twitter,cpc,トレンド-トップス,mobile,68286ddd-13e1-4dbd-b667-950f1d58057d,1601
TXN00010464,2025-10-31 13:55:53,P10310,user008448@example.com,U008448,2,6848,https://ec.example.com/products?campaign=C003,https://ec.example.com/products/P10310?utm_campaign=トレンド-トップス,youtube,cpc,トレンド-トップス,tablet,51197a0a-d9e8-4024-8d89-216e4402ca7c,2788
TXN00010465,2025-10-31 05:19:14,P10041,user004655@example.com,U004655,2,11808,https://ec.example.com/products?campaign=C003,https://ec.example.com/products/P10041?utm_campaign=トレンド-トップス,google,cpc,トレンド-トップス,mobile,780b6442-128b-4f05-b009-9204437a9106,39
TXN00010466,2025-10-30 21:52:14,P10008,user017570@example.com,U017570,1,8833,https://ec.example.com/products?campaign=C003,https://ec.example.com/products/P10008?utm_campaign=トレンド-トップス,google,cpc,トレンド-トップス,desktop,36ed1b2e-e52e-4ade-8826-8a9526f117c4,2418
TXN00010467,2025-10-30 19:35:49,P10187,user004520@example.com,U004520,1,21011,https://ec.example.com/products?campaign=C004,https://ec.example.com/products/P10187?utm_campaign=新作-バッグ,twitter,cpc,新作-バッグ,mobile,bad1a279-7e09-4453-b73b-c40163a93c06,2648
TXN00010468,2025-10-30 19:09:47,P10420,user019177@example.com,U019177,3,12415,https://ec.example.com/products?campaign=C004,https://ec.example.com/products/P10420?utm_campaign=新作-バッグ,twitter,cpc,新作-バッグ,mobile,626c0592-b346-4d8c-80c6-83fed17b73c9,2683
TXN00010469,2025-10-30 20:37:35,P10262,user015250@example.com,U015250,1,9656,https://ec.example.com/products?campaign=C004,https://ec.example.com/products/P10262?utm_campaign=新作-バッグ,twitter,cpc,新作-バッグ,mobile,3b30d0d4-02c6-4165-8479-69cbd4a3a926,331
TXN00010470,2025-10-31 04:56:01,P10437,user017409@example.com,U017409,1,20876,https://ec.example.com/products?campaign=C004,https://ec.example.com/products/P10437?utm_campaign=新作-バッグ,twitter,cpc,新作-バッグ,desktop,c7bd107f-418a-4a8a-ac12-200d1058a2be,930
TXN00010471,2025-10-31 12:08:42,P10133,user001722@example.com,U001722,1,25485,https://ec.example.com/products?campaign=C004,https://ec.example.com/products/P10133?utm_campaign=新作-バッグ,twitter,cpc,新作-バッグ,tablet,b37b0b0e-c038-46a2-b8fb-f5d486dfa6df,951
TXN00010472,2025-10-31 11:33:54,P10369,user003827@example.com,U003827,2,19241,https://ec.example.com/products?campaign=C004,https://ec.example.com/products/P10369?utm_campaign=新作-バッグ,twitter,cpc,新作-バッグ,desktop,eb6560ea-feb2-47a5-bbb2-4fb5c8d46e30,1691
TXN00010473,2025-10-31 02:21:16,P10262,user017049@example.com,U017049,1,9656,https://ec.example.com/products?campaign=C004,https://ec.example.com/products/P10262?utm_campaign=新作-バッグ,twitter,cpc,新作-バッグ,mobile,da15d64b-f2d2-4ba6-9745-03c1d538332b,316
TXN00010474,2025-10-31 01:04:04,P10065,user018171@example.com,U018171,1,15696,https://ec.example.com/products?campaign=C004,https://ec.example.com/products/P10065?utm_campaign=新作-バッグ,google,cpc,新作-バッグ,desktop,2029bdf1-936b-4a98-afb4-e9f99d3880a5,1385
TXN00010475,2025-10-31 03:35:40,P10157,user016016@example.com,U016016,2,29129,https://ec.example.com/products?campaign=C004,https://ec.example.com/products/P10157?utm_campaign=新作-バッグ,google,cpc,新作-バッグ,mobile,ea26ff64-f730-4a24-bfd9-a6d1d9145726,2615
TXN00010476,2025-10-30 17:18:26,P10421,user002562@example.com,U002562,1,24948,https://ec.example.com/products?campaign=C004,https://ec.example.com/products/P10421?utm_campaign=新作-バッグ,google,cpc,新作-バッグ,desktop,37f9d5db-daec-47db-afd5-ba2e3591b93f,2294
TXN00010477,2025-10-31 08:39:10,P10156,user004865@example.com,U004865,1,22528,https://ec.example.com/products?campaign=C004,https://ec.example.com/products/P10156?utm_campaign=新作-バッグ,google,cpc,新作-バッグ,mobile,995bd37b-9e37-4826-be88-7d8f3140effe,1961
TXN00010478,2025-10-30 23:25:44,P10324,user019501@example.com,U019501,1,16570,https://ec.example.com/products?campaign=C004,https://ec.example.com/products/P10324?utm_campaign=新作-バッグ,facebook,cpc,新作-バッグ,mobile,267411d1-2a9f-4044-9bd8-ff7c5960a477,1678
TXN00010479,2025-10-31 06:59:42,P10172,user015666@example.com,U015666,2,12263,https://ec.example.com/products?campaign=C004,https://ec.example.com/products/P10172?utm_campaign=新作-バッグ,facebook,cpc,新作-バッグ,mobile,0efb27f2-4450-4487-a0e9-9e7dec7b5f23,1762
TXN00010480,2025-10-31 14:48:24,P10061,user006391@example.com,U006391,2,7085,https://ec.example.com/products?campaign=C004,https://ec.example.com/products/P10061?utm_campaign=新作-バッグ,facebook,cpc,新作-バッグ,tablet,ba2b32f7-1f4e-4ec3-801b-94c0a5ad2cb5,2276
TXN00010481,2025-10-31 13:30:58,P10230,user000950@example.com,U000950,1,12078,https://ec.example.com/products?campaign=C004,https://ec.example.com/products/P10230?utm_campaign=新作-バッグ,facebook,cpc,新作-バッグ,mobile,b8720608-864b-4410-bddc-080275312c4f,2635
TXN00010482,2025-10-31 07:53:16,P10369,user003384@example.com,U003384,1,19241,https://ec.example.com/products?campaign=C004,https://ec.example.com/products/P10369?utm_campaign=新作-バッグ,facebook,cpc,新作-バッグ,mobile,ea64141c-6302-4151-9202-41912f40efbd,1796
TXN00010483,2025-10-30 22:44:39,P10117,user007302@example.com,U007302,1,18921,https://ec.example.com/products?campaign=C004,https://ec.example.com/products/P10117?utm_campaign=新作-バッグ,facebook,cpc,新作-バッグ,desktop,6525d537-66c3-4fd9-aeac-358c082655d0,335
TXN00010484,2025-10-30 16:23:07,P10025,user019272@example.com,U019272,1,8608,https://ec.example.com/products?campaign=C004,https://ec.example.com/products/P10025?utm_campaign=新作-バッグ,facebook,cpc,新作-バッグ,mobile,a7a6f52a-6be0-4a10-aa0d-8454dd8bc9ec,1292
TXN00010485,2025-10-30 18:46:27,P10393,user001458@example.com,U001458,1,16111,https://ec.example.com/products?campaign=C004,https://ec.example.com/products/P10393?utm_campaign=新作-バッグ,facebook,cpc,新作-バッグ,desktop,3357b512-5cd0-4258-b6a5-3003ae55cd72,2782
TXN00010486,2025-10-31 11:27:18,P10369,user001061@example.com,U001061,1,19241,https://ec.example.com/products?campaign=C004,https://ec.example.com/products/P10369?utm_campaign=新作-バッグ,youtube,cpc,新作-バッグ,mobile,cdc14ae3-d02a-47cc-8e27-79a1aeb75809,787
TXN00010487,2025-10-30 18:28:34,P10343,user015176@example.com,U015176,2,12585,https://ec.example.com/products?campaign=C004,https://ec.example.com/products/P10343?utm_campaign=新作-バッグ,youtube,cpc,新作-バッグ,desktop,f51f1748-50c9-4f23-98c1-e985a22620ac,698
TXN00010488,2025-10-31 06:23:28,P10409,user016617@example.com,U016617,1,13035,https://ec.example.com/products?campaign=C005,https://ec.example.com/products/P10409?utm_campaign=シューズ-プロモ,facebook,cpc,シューズ-プロモ,mobile,93eb84af-c037-45a0-8b8a-ff27394a90db,791
TXN00010489,2025-10-30 21:01:10,P10421,user007216@example.com,U007216,1,24948,https://ec.example.com/products?campaign=C005,https://ec.example.com/products/P10421?utm_campaign=シューズ-プロモ,facebook,cpc,シューズ-プロモ,mobile,980a9772-2f4d-4400-8c9f-20d1b664c9a5,1382
TXN00010490,2025-10-31 07:57:51,P10028,user002313@example.com,U002313,2,7545,https://ec.example.com/products?campaign=C005,https://ec.example.com/products/P10028?utm_campaign=シューズ-プロモ,facebook,cpc,シューズ-プロモ,mobile,80d1ec36-2c0f-4c9a-b74d-6a5f89f3585d,1788
TXN00010491,2025-10-30 16:56:34,P10034,user008275@example.com,U008275,1,13454,https://ec.example.com/products?campaign=C005,https://ec.example.com/products/P10034?utm_campaign=シューズ-プロモ,facebook,cpc,シューズ-プロモ,mobile,fda6d559-fe3b-4f2f-a02e-5bb178039094,1758
TXN00010492,2025-10-30 17:29:17,P10151,user004532@example.com,U004532,1,7075,https://ec.example.com/products?campaign=C005,https://ec.example.com/products/P10151?utm_campaign=シューズ-プロモ,facebook,cpc,シューズ-プロモ,tablet,ba43387d-3653-4cdf-969a-4e3e439f53c1,1734
TXN00010493,2025-10-31 00:15:58,P10362,user007262@example.com,U007262,1,7961,https://ec.example.com/products?campaign=C005,https://ec.example.com/products/P10362?utm_campaign=シューズ-プロモ,facebook,cpc,シューズ-プロモ,mobile,12bc2a72-e6df-4bc5-9bae-0433232a37c2,1577
TXN00010494,2025-10-30 18:40:05,P10255,user003051@example.com,U003051,2,13430,https://ec.example.com/products?campaign=C005,https://ec.example.com/products/P10255?utm_campaign=シューズ-プロモ,facebook,cpc,シューズ-プロモ,mobile,9c61e6f8-c4e6-4872-aa9a-20d8d74b0d1d,1820
TXN00010495,2025-10-31 10:21:08,P10137,user001706@example.com,U001706,1,17736,https://ec.example.com/products?campaign=C005,https://ec.example.com/products/P10137?utm_campaign=シューズ-プロモ,facebook,cpc,シューズ-プロモ,mobile,7085f12a-38fe-4160-b847-7e88fa4fd637,389
TXN00010496,2025-10-31 03:09:14,P10364,user005742@example.com,U005742,2,6602,https://ec.example.com/products?campaign=C005,https://ec.example.com/products/P10364?utm_campaign=シューズ-プロモ,facebook,cpc,シューズ-プロモ,mobile,1716a405-e6e4-4f8e-be53-01da95618745,1103
TXN00010497,2025-10-31 07:21:35,P10317,user003698@example.com,U003698,1,14813,https://ec.example.com/products?campaign=C005,https://ec.example.com/products/P10317?utm_campaign=シューズ-プロモ,facebook,cpc,シューズ-プロモ,desktop,aee40cc1-df41-4bf2-94d8-05f7a4ee8b7b,1460
TXN00010498,2025-10-30 18:35:04,P10377,user001956@example.com,U001956,1,7871,https://ec.example.com/products?campaign=C005,https://ec.example.com/products/P10377?utm_campaign=シューズ-プロモ,facebook,cpc,シューズ-プロモ,mobile,fff90d49-766d-4a85-8037-54c77d231ca5,2427
TXN00010499,2025-10-31 05:14:38,P10482,user006458@example.com,U006458,1,14561,https://ec.example.com/products?campaign=C005,https://ec.example.com/products/P10482?utm_campaign=シューズ-プロモ,facebook,cpc,シューズ-プロモ,mobile,8afcf870-0c54-4a3e-9de7-618f304a80ed,464
TXN00010500,2025-10-31 07:00:37,P10034,user005031@example.com,U005031,1,13454,https://ec.example.com/products?campaign=C005,https://ec.example.com/products/P10034?utm_campaign=シューズ-プロモ,facebook,cpc,シューズ-プロモ,tablet,3843f235-a7af-4f7f-8639-110beafece19,2855
TXN00010501,2025-10-30 15:49:26,P10327,user007815@example.com,U007815,1,8497,https://ec.example.com/products?campaign=C005,https://ec.example.com/products/P10327?utm_campaign=シューズ-プロモ,facebook,cpc,シューズ-プロモ,desktop,070fe2c5-5391-4d1f-aabc-d7c987d7d33e,2038
TXN00010502,2025-10-30 22:25:47,P10273,user000708@example.com,U000708,1,17153,https://ec.example.com/products?campaign=C005,https://ec.example.com/products/P10273?utm_campaign=シューズ-プロモ,facebook,cpc,シューズ-プロモ,mobile,69588c99-f5b3-4714-8afe-4c71e9751964,698
TXN00010503,2025-10-30 19:14:56,P10182,user009148@example.com,U009148,2,15946,https://ec.example.com/products?campaign=C005,https://ec.example.com/products/P10182?utm_campaign=シューズ-プロモ,google,cpc,シューズ-プロモ,mobile,ed26c389-39ed-4ed3-a5d1-0ef1ab2bd24d,911
TXN00010504,2025-10-31 11:23:44,P10198,user001882@example.com,U001882,1,15508,https://ec.example.com/products?campaign=C005,https://ec.example.com/products/P10198?utm_campaign=シューズ-プロモ,google,cpc,シューズ-プロモ,mobile,195bd5d5-c1e7-4ea5-8e35-31abb15a156f,1339
TXN00010505,2025-10-31 04:54:33,P10090,user000042@example.com,U000042,1,14548,https://ec.example.com/products?campaign=C005,https://ec.example.com/products/P10090?utm_campaign=シューズ-プロモ,google,cpc,シューズ-プロモ,tablet,8874b72d-abaa-49ea-9e08-b66bdb85a309,681
TXN00010506,2025-10-31 05:39:59,P10367,user017415@example.com,U017415,2,17133,https://ec.example.com/products?campaign=C005,https://ec.example.com/products/P10367?utm_campaign=シューズ-プロモ,google,cpc,シューズ-プロモ,mobile,ee716898-d0df-4834-a04d-0632a0be79d2,181
TXN00010507,2025-10-30 16:13:18,P10151,user004712@example.com,U004712,1,7075,https://ec.example.com/products?campaign=C006,https://ec.example.com/products/P10151?utm_campaign=アクセサリー-キャンペーン,facebook,cpc,アクセサリー-キャンペーン,mobile,5f36a66e-1232-4f80-bee0-1ddd129c0e47,199
TXN00010508,2025-10-31 03:50:14,P10292,user007339@example.com,U007339,2,21134,https://ec.example.com/products?campaign=C006,https://ec.example.com/products/P10292?utm_campaign=アクセサリー-キャンペーン,facebook,cpc,アクセサリー-キャンペーン,mobile,74499ebf-eb38-4679-b4d5-81be8752d729,731
TXN00010509,2025-10-31 11:52:09,P10093,user001373@example.com,U001373,1,18950,https://ec.example.com/products?campaign=C006,https://ec.example.com/products/P10093?utm_campaign=アクセサリー-キャンペーン,facebook,cpc,アクセサリー-キャンペーン,mobile,8a70bd8f-fd6e-433d-be95-24113134657c,2069
TXN00010510,2025-10-30 23:27:33,P10410,user000710@example.com,U000710,1,7668,https://ec.example.com/products?campaign=C006,https://ec.example.com/products/P10410?utm_campaign=アクセサリー-キャンペーン,youtube,cpc,アクセサリー-キャンペーン,mobile,aaf708f9-17ad-4eef-bfcb-7c1c8f3b8f6e,2335
TXN00010511,2025-10-31 14:42:21,P10270,user009912@example.com,U009912,1,6611,https://ec.example.com/products?campaign=C006,https://ec.example.com/products/P10270?utm_campaign=アクセサリー-キャンペーン,google,cpc,アクセサリー-キャンペーン,mobile,e2145fa6-9ec7-428a-a5d9-5e8c1a65cd86,2271
TXN00010512,2025-10-31 11:07:47,P10043,user005000@example.com,U005000,2,17810,https://ec.example.com/products?campaign=C006,https://ec.example.com/products/P10043?utm_campaign=アクセサリー-キャンペーン,instagram,cpc,アクセサリー-キャンペーン,mobile,e1e3b2cf-71e8-43bc-964f-0fd2a93144b0,934
TXN00010513,2025-10-30 15:59:27,P10186,user004137@example.com,U004137,3,5527,https://ec.example.com/products?campaign=C006,https://ec.example.com/products/P10186?utm_campaign=アクセサリー-キャンペーン,instagram,cpc,アクセサリー-キャンペーン,tablet,b6d29dc7-e832-4598-85ca-8b34d78bfd75,1688
TXN00010514,2025-10-30 19:44:03,P10091,user015243@example.com,U015243,1,9022,https://ec.example.com/products?campaign=C007,https://ec.example.com/products/P10091?utm_campaign=デニム-特集,twitter,cpc,デニム-特集,desktop,a78aba51-455e-4b76-85b1-2d3038b945d1,1459
TXN00010515,2025-10-31 09:17:26,P10455,user000523@example.com,U000523,1,13743,https://ec.example.com/products?campaign=C007,https://ec.example.com/products/P10455?utm_campaign=デニム-特集,twitter,cpc,デニム-特集,tablet,1ee52498-bf17-40ae-941e-108bca65d338,1806
TXN00010516,2025-10-30 22:15:49,P10324,user004434@example.com,U004434,2,16570,https://ec.example.com/products?campaign=C007,https://ec.example.com/products/P10324?utm_campaign=デニム-特集,twitter,cpc,デニム-特集,mobile,86ea6448-af73-4f18-87f4-90014c3713b4,687
TXN00010517,2025-10-31 13:27:59,P10018,user018333@example.com,U018333,1,7927,https://ec.example.com/products?campaign=C007,https://ec.example.com/products/P10018?utm_campaign=デニム-特集,youtube,cpc,デニム-特集,tablet,9f2da1c4-4558-46e7-ae39-3ee4b7697fc3,2856
TXN00010518,2025-10-31 11:31:58,P10351,user011670@example.com,U011670,2,8315,https://ec.example.com/products?campaign=C007,https://ec.example.com/products/P10351?utm_campaign=デニム-特集,youtube,cpc,デニム-特集,mobile,4dac0227-2af2-4e78-8340-d654f3e388bd,908
TXN00010519,2025-10-30 21:03:39,P10097,user003824@example.com,U003824,1,14528,https://ec.example.com/products?campaign=C007,https://ec.example.com/products/P10097?utm_campaign=デニム-特集,facebook,cpc,デニム-特集,mobile,810bf5bf-9d6b-44c3-b8ac-e2a828ec8091,542
TXN00010520,2025-10-30 18:14:26,P10267,user001233@example.com,U001233,1,6659,https://ec.example.com/products?campaign=C007,https://ec.example.com/products/P10267?utm_campaign=デニム-特集,facebook,cpc,デニム-特集,mobile,e8445142-178c-430f-8792-181a95c415f2,2073
TXN00010521,2025-10-31 02:15:13,P10471,user000360@example.com,U000360,1,12393,https://ec.example.com/products?campaign=C007,https://ec.example.com/products/P10471?utm_campaign=デニム-特集,facebook,cpc,デニム-特集,mobile,2b940ecc-656b-482c-8e14-bbad861aa6d2,898
TXN00010522,2025-10-30 21:27:45,P10148,user019322@example.com,U019322,1,4233,https://ec.example.com/products?campaign=C007,https://ec.example.com/products/P10148?utm_campaign=デニム-特集,facebook,cpc,デニム-特集,desktop,3f140089-825e-4fad-8cb3-d913100f82ba,1050
TXN00010523,2025-10-31 07:33:29,P10081,user001817@example.com,U001817,2,6341,https://ec.example.com/products?campaign=C007,https://ec.example.com/products/P10081?utm_campaign=デニム-特集,facebook,cpc,デニム-特集,mobile,912ef649-e7af-4ca9-a6a9-73205a697521,2222
TXN00010524,2025-10-30 20:36:40,P10371,user007243@example.com,U007243,1,19241,https://ec.example.com/products?campaign=C008,https://ec.example.com/products/P10371?utm_campaign=ワンピース-セール,google,cpc,ワンピース-セール,mobile,229c38ec-48c1-4d78-a914-7e5916128a3c,2123
TXN00010525,2025-10-30 21:04:15,P10354,user006363@example.com,U006363,2,13933,https://ec.example.com/products?campaign=C008,https://ec.example.com/products/P10354?utm_campaign=ワンピース-セール,google,cpc,ワンピース-セール,mobile,7847094f-b112-4687-8978-b48f06c91d39,1177
TXN00010526,2025-10-30 17:41:33,P10453,user012549@example.com,U012549,2,15176,https://ec.example.com/products?campaign=C008,https://ec.example.com/products/P10453?utm_campaign=ワンピース-セール,google,cpc,ワンピース-セール,tablet,0c61054e-9ee6-4bc9-b800-155138e91466,2511
TXN00010527,2025-10-31 08:24:06,P10013,user011398@example.com,U011398,1,11830,https://ec.example.com/products?campaign=C008,https://ec.example.com/products/P10013?utm_campaign=ワンピース-セール,google,cpc,ワンピース-セール,desktop,87f05b41-a753-42da-84d2-6fd8d25da1a0,317
TXN00010528,2025-10-31 14:41:20,P10011,user005501@example.com,U005501,1,18336,https://ec.example.com/products?campaign=C008,https://ec.example.com/products/P10011?utm_campaign=ワンピース-セール,facebook,cpc,ワンピース-セール,desktop,60250c26-fcd7-4faf-90a6-b04c2098f89f,2011
TXN00010529,2025-10-31 05:48:02,P10254,user009364@example.com,U009364,1,17491,https://ec.example.com/products?campaign=C008,https://ec.example.com/products/P10254?utm_campaign=ワンピース-セール,facebook,cpc,ワンピース-セール,mobile,dfc89860-a59f-406a-aaf7-48e2b9e035d7,2622
TXN00010530,2025-10-30 22:39:28,P10252,user018696@example.com,U018696,1,8531,https://ec.example.com/products?campaign=C008,https://ec.example.com/products/P10252?utm_campaign=ワンピース-セール,facebook,cpc,ワンピース-セール,mobile,2cc55317-be7c-4382-a5bd-9e8bee2e014e,440
TXN00010531,2025-10-31 03:57:14,P10145,user002678@example.com,U002678,3,22444,https://ec.example.com/products?campaign=C008,https://ec.example.com/products/P10145?utm_campaign=ワンピース-セール,facebook,cpc,ワンピース-セール,mobile,855597c3-031a-4243-8497-02eee5919877,1227
TXN00010532,2025-10-30 20:56:55,P10032,user009020@example.com,U009020,2,8483,https://ec.example.com/products?campaign=C008,https://ec.example.com/products/P10032?utm_campaign=ワンピース-セール,facebook,cpc,ワンピース-セール,tablet,d30134b1-428f-457f-803a-85e65d58d9a4,1288
TXN00010533,2025-10-30 15:54:43,P10114,user001035@example.com,U001035,2,18561,https://ec.example.com/products?campaign=C008,https://ec.example.com/products/P10114?utm_campaign=ワンピース-セール,facebook,cpc,ワンピース-セール,mobile,7bb3ec17-1282-4e58-88a3-d6ce3c094522,2363
TXN00010534,2025-10-31 08:42:34,P10145,user004410@example.com,U004410,1,22444,https://ec.example.com/products?campaign=C008,https://ec.example.com/products/P10145?utm_campaign=ワンピース-セール,twitter,cpc,ワンピース-セール,desktop,925c5b4a-29a8-4650-8e9f-de2b63d90ca7,976
TXN00010535,2025-10-30 19:10:25,P10425,user015472@example.com,U015472,1,8402,https://ec.example.com/products?campaign=C008,https://ec.example.com/products/P10425?utm_campaign=ワンピース-セール,twitter,cpc,ワンピース-セール,mobile,5784e0b2-49ed-44bc-8d1c-cd49e31f479b,1877
TXN00010536,2025-10-31 08:12:34,P10453,user001114@example.com,U001114,1,15176,https://ec.example.com/products?campaign=C008,https://ec.example.com/products/P10453?utm_campaign=ワンピース-セール,twitter,cpc,ワンピース-セール,mobile,c0ef90a5-8732-46f9-98bc-b1a16f0cbc74,306
TXN00010537,2025-10-30 20:03:46,P10026,user013387@example.com,U013387,2,18827,https://ec.example.com/products?campaign=C008,https://ec.example.com/products/P10026?utm_campaign=ワンピース-セール,twitter,cpc,ワンピース-セール,mobile,58c42daa-5e4c-4014-97aa-c1905c061ce0,1482
TXN00010538,2025-10-31 12:17:57,P10449,user005870@example.com,U005870,3,16053,https://ec.example.com/products?campaign=C008,https://ec.example.com/products/P10449?utm_campaign=ワンピース-セール,twitter,cpc,ワンピース-セール,mobile,e9bc91aa-2f19-4cbc-990d-30cfa2d35a9f,926
TXN00010539,2025-10-31 07:50:46,P10326,user019584@example.com,U019584,1,15250,https://ec.example.com/products?campaign=C008,https://ec.example.com/products/P10326?utm_campaign=ワンピース-セール,youtube,cpc,ワンピース-セール,mobile,6c2fb24d-e6ad-4ee2-a31b-bf25aa7ad3a9,2435
TXN00010540,2025-10-31 11:58:23,P10087,user017211@example.com,U017211,1,14837,https://ec.example.com/products?campaign=C008,https://ec.example.com/products/P10087?utm_campaign=ワンピース-セール,youtube,cpc,ワンピース-セール,mobile,79367ae5-c88d-499c-a503-c32566635ba8,2084
TXN00010541,2025-10-30 18:49:55,P10079,user018894@example.com,U018894,1,22044,https://ec.example.com/products?campaign=C008,https://ec.example.com/products/P10079?utm_campaign=ワンピース-セール,youtube,cpc,ワンピース-セール,mobile,31d37b8d-90f0-4ded-8c9b-b05f4db2ca3b,2359
TXN00010542,2025-10-30 17:19:49,P10480,user006922@example.com,U006922,1,12619,https://ec.example.com,https://ec.example.com/products/P10480,,,,desktop,4829357d-6cd6-4915-965c-d3a41866aa19,
TXN00010543,2025-10-30 19:06:05,P10379,user014065@example.com,U014065,1,7999,https://ec.example.com,https://ec.example.com/products/P10379,,,,mobile,57da7735-87bd-48e6-a79a-c3918a784ff5,
TXN00010544,2025-10-31 07:53:11,P10208,user013413@example.com,U013413,1,11843,https://ec.example.com,https://ec.example.com/products/P10208,,,,mobile,384d9c15-12f9-42c7-839d-40c216038c7a,
TXN00010545,2025-10-30 15:58:28,P10248,user010158@example.com,U010158,1,26065,https://ec.example.com,https://ec.example.com/products/P10248,,,,mobile,248feafa-2a0f-4599-a501-d94a60b50456,
TXN00010546,2025-10-30 18:46:29,P10149,user013216@example.com,U013216,1,9464,https://ec.example.com,https://ec.example.com/products/P10149,,,,mobile,5e91faee-1513-4e76-aeeb-8ff3aa991a2c,
TXN00010547,2025-10-31 01:48:44,P10434,user012665@example.com,U012665,1,17169,https://ec.example.com,https://ec.example.com/products/P10434,,,,mobile,2be556bb-3770-45a0-a94e-d33b41c2f228,
TXN00010548,2025-10-30 19:43:17,P10488,user006838@example.com,U006838,1,4641,https://ec.example.com,https://ec.example.com/products/P10488,,,,tablet,db7f2dd6-22a7-4a81-8200-4cb8a6dad8c5,
TXN00010549,2025-10-30 16:11:24,P10000,user012900@example.com,U012900,1,7506,https://ec.example.com,https://ec.example.com/products/P10000,,,,desktop,3b5cd694-4664-4fcf-a5ca-d43bf33fa3e3,
TXN00010550,2025-10-31 01:43:33,P10486,user006407@example.com,U006407,2,6097,https://ec.example.com,https://ec.example.com/products/P10486,,,,mobile,59b280a9-5b29-4ce8-800e-affc4dc1191d,
TXN00010551,2025-10-30 23:54:06,P10240,user001289@example.com,U001289,1,14096,https://ec.example.com,https://ec.example.com/products/P10240,,,,mobile,47c41a49-2f90-4715-ae6e-1406f368ea67,
TXN00010552,2025-10-31 01:10:39,P10497,user002980@example.com,U002980,2,9520,https://ec.example.com,https://ec.example.com/products/P10497,,,,desktop,22ff00e9-b0e3-4403-8c72-42025b6dab18,
TXN00010553,2025-10-31 08:40:12,P10450,user014437@example.com,U014437,2,17167,https://ec.example.com,https://ec.example.com/products/P10450,,,,desktop,b39c5077-a31d-4473-aab5-c84eb2a0cbda,
TXN00010554,2025-10-31 11:41:45,P10433,user016164@example.com,U016164,1,17914,https://ec.example.com,https://ec.example.com/products/P10433,,,,mobile,c5db544d-31f0-4c53-b49c-7dff2f78e3f6,
TXN00010555,2025-10-31 15:26:51,P10231,user000360@example.com,U000360,1,9060,https://ec.example.com,https://ec.example.com/products/P10231,,,,tablet,a84645a6-24cd-4f72-8393-2fa23ca211e4,
TXN00010556,2025-10-30 19:35:36,P10079,user007618@example.com,U007618,1,22044,https://ec.example.com,https://ec.example.com/products/P10079,,,,desktop,7160fb5b-8f1b-4202-a74e-4bb90f2a481a,
TXN00010557,2025-10-30 16:39:16,P10039,user005384@example.com,U005384,1,14693,https://ec.example.com,https://ec.example.com/products/P10039,,,,mobile,ac9ca07f-fc68-4ddf-8768-a0c5ca5f294e,
TXN00010558,2025-10-31 14:13:24,P10490,user004681@example.com,U004681,1,7356,https://ec.example.com,https://ec.example.com/products/P10490,,,,mobile,63533ae0-2655-4d4b-a8aa-8752979c80b6,
TXN00010559,2025-10-31 14:33:21,P10066,user011730@example.com,U011730,1,23569,https://ec.example.com,https://ec.example.com/products/P10066,,,,mobile,471fd513-0d98-4129-a1b7-37d0d2425cea,
TXN00010560,2025-10-31 08:59:53,P10314,user014354@example.com,U014354,1,11540,https://ec.example.com,https://ec.example.com/products/P10314,,,,desktop,7515762d-117b-4f4c-8f4f-3fc346ce1115,
TXN00010561,2025-10-31 13:01:16,P10313,user008702@example.com,U008702,1,14438,https://ec.example.com,https://ec.example.com/products/P10313,,,,mobile,7af4e408-9379-4c1e-aa9b-4bd163612565,
TXN00010562,2025-10-31 04:41:41,P10085,user014250@example.com,U014250,1,3420,https://ec.example.com,https://ec.example.com/products/P10085,,,,desktop,73cc59a5-fbc2-459c-9d28-d6052df5742d,
TXN00010563,2025-10-30 21:11:28,P10490,user002685@example.com,U002685,1,7356,https://ec.example.com,https://ec.example.com/products/P10490,,,,mobile,288ffe89-980c-4489-b770-494c6ab9be03,
TXN00010564,2025-10-30 19:07:43,P10368,user005231@example.com,U005231,1,4420,https://ec.example.com,https://ec.example.com/products/P10368,,,,mobile,6beefcf0-f4a9-4fab-a3cc-41ed4b65f98f,
TXN00010565,2025-10-30 22:56:16,P10441,user004204@example.com,U004204,2,18741,https://ec.example.com,https://ec.example.com/products/P10441,,,,desktop,29c1d4c6-4688-4fed-8b3b-534e390d5258,
TXN00010566,2025-10-30 23:11:45,P10147,user014160@example.com,U014160,1,7695,https://ec.example.com,https://ec.example.com/products/P10147,,,,mobile,445f328b-6c6a-4fea-af9e-db1a88fe3682,
TXN00010567,2025-10-30 20:24:31,P10130,user005786@example.com,U005786,1,3606,https://ec.example.com,https://ec.example.com/products/P10130,,,,mobile,93bb50c6-54ae-400c-8206-0c684757e3d3,
TXN00010568,2025-10-31 07:38:42,P10126,user014944@example.com,U014944,2,14318,https://ec.example.com,https://ec.example.com/products/P10126,,,,desktop,f929c080-c558-435d-8860-e14a29327242,
TXN00010569,2025-10-31 15:16:50,P10022,user018365@example.com,U018365,1,3352,https://ec.example.com,https://ec.example.com/products/P10022,,,,mobile,eddc4370-ad8e-41a3-b989-73596a74819f,
TXN00010570,2025-10-31 13:52:41,P10467,user018553@example.com,U018553,2,10549,https://ec.example.com,https://ec.example.com/products/P10467,,,,tablet,e9392631-99f5-4c38-bb4a-292383e96fd3,
TXN00010571,2025-10-30 19:08:02,P10360,user000615@example.com,U000615,1,29879,https://ec.example.com,https://ec.example.com/products/P10360,,,,desktop,0e8e5e49-c212-43ef-a471-137cade04f58,
TXN00010572,2025-10-31 00:31:41,P10039,user004956@example.com,U004956,3,14693,https://ec.example.com,https://ec.example.com/products/P10039,,,,mobile,873ce3e3-e582-475a-b7e9-7d11c98da0ec,
TXN00010573,2025-10-31 09:09:35,P10308,user013000@example.com,U013000,1,5056,https://ec.example.com,https://ec.example.com/products/P10308,,,,tablet,4f0a7b9e-35d1-45f5-9178-3d248cd441db,
TXN00010574,2025-10-31 13:45:50,P10268,user004911@example.com,U004911,1,6966,https://ec.example.com,https://ec.example.com/products/P10268,,,,mobile,993ac798-c2cc-49b9-8b76-8933e31daf2f,
TXN00010575,2025-10-31 13:27:01,P10200,user016706@example.com,U016706,1,10763,https://ec.example.com,https://ec.example.com/products/P10200,,,,desktop,247e9d53-2373-4ff5-a62b-5932f5cc7f7a,
TXN00010576,2025-10-31 06:08:13,P10049,user010790@example.com,U010790,1,19948,https://ec.example.com,https://ec.example.com/products/P10049,,,,mobile,5dacdf61-4dec-4f0d-81a2-26c0affd3fce,
TXN00010577,2025-10-30 17:34:25,P10060,user007609@example.com,U007609,1,7920,https://ec.example.com,https://ec.example.com/products/P10060,,,,mobile,9384ebcc-5bcb-480a-ac4f-d6a48e866d77,
TXN00010578,2025-10-31 07:22:14,P10378,user010853@example.com,U010853,1,14669,https://ec.example.com,https://ec.example.com/products/P10378,,,,mobile,fd550abd-27ff-404c-a555-f6682fa4a66b,
TXN00010579,2025-10-30 16:14:25,P10115,user007706@example.com,U007706,2,16831,https://ec.example.com,https://ec.example.com/products/P10115,,,,desktop,547ea44f-be25-4541-b6f4-f4d33e2237ae,
TXN00010580,2025-10-30 20:09:22,P10162,user002660@example.com,U002660,1,15796,https://ec.example.com,https://ec.example.com/products/P10162,,,,mobile,6b0b5968-89bb-4948-a5ff-da46321610c5,
TXN00010581,2025-10-31 12:50:04,P10425,user012363@example.com,U012363,1,8402,https://ec.example.com,https://ec.example.com/products/P10425,,,,mobile,526b8ed1-5f66-4663-b301-ec230062e7c7,
TXN00010582,2025-10-31 06:05:28,P10479,user005997@example.com,U005997,1,12078,https://ec.example.com,https://ec.example.com/products/P10479,,,,desktop,c7f20221-d198-4539-8b01-df0f1a5f750f,
